ReportID,Timestamp,ScreenLoadTime,DbQueryTime,MemoryUsage,GcEvents,ExceptionsLogged
1,2025-04-05T09:49:54.529821200,157,7,144,6,
2,2025-04-05T09:54:02.574322800,156,7,145,5,
3,2025-04-05T09:54:18.037824,55,-1,162,8,
4,2025-04-05T10:15:58.368321500,0,0,128,5,
5,2025-04-05T10:33:16.540821800,0,0,128,5,
6,2025-04-05T10:37:27.085822500,0,0,128,5,
7,2025-04-05T10:37:27.098822700,0,0,129,5,
8,2025-04-05T10:40:19.184823700,0,0,129,6,
9,2025-04-05T10:41:37.849822500,149,149,145,5,
10,2025-04-05T10:41:48.489822,87,87,104,16,
11,2025-04-05T10:44:56.026823100,140,140,147,6,
12,2025-04-05T10:47:10.688321300,145,145,145,5,
13,2025-04-05T10:48:08.616823300,235,235,143,9,
14,2025-04-05T10:48:11.365824200,0,0,155,19,
15,2025-04-05T10:48:24.214321800,0,0,1957,49,
16,2025-04-05T10:52:37.798323400,211,211,143,8,
17,2025-04-05T10:52:43.440822500,0,0,185,20,
18,2025-04-05T10:52:45.871822700,464,463,232,23,
19,2025-04-05T11:01:10.879321500,128,128,146,5,
20,2025-04-05T11:01:13.394821500,11,11,240,5,
21,2025-04-05T11:06:09.941821500,226,226,143,9,
22,2025-04-05T11:06:11.946322,0,0,124,12,
23,2025-04-05T11:38:23.439523100,131,131,146,6,
24,2025-04-05T12:01:59.984216900,169,168,144,8,
25,2025-04-05T12:02:01.767217,0,0,142,13,
26,2025-04-05T14:44:40.695057200,141,141,146,6,
27,2025-04-05T14:48:20.454556,157,157,143,8,
28,2025-04-05T14:49:20.155056500,147,146,143,9,
29,2025-04-05T14:51:48.918055500,166,166,143,9,
30,2025-04-05T14:52:47.686553300,179,179,143,9,
31,2025-04-05T14:54:20.685555500,169,169,142,10,
32,2025-04-05T14:55:00.435055800,130,129,146,6,
33,2025-04-05T14:56:43.958055300,149,149,145,6,
34,2025-04-05T14:57:27.841056200,156,155,142,8,
35,2025-04-05T14:59:30.543556100,269,269,144,6,
36,2025-04-05T16:11:45.965162100,26287,26287,149,6,
37,2025-04-05T16:11:51.922165,0,0,190,6,
38,2025-04-05T16:16:36.819663600,23715,23715,143,11,
39,2025-04-05T16:18:18.010994900,157,157,145,8,
40,2025-04-05T16:28:08.301359700,125,125,146,6,
41,2025-04-05T16:28:10.967451600,0,0,150,9,
42,2025-04-05T16:28:15.229110600,0,0,1954,35,
43,2025-04-05T16:31:05.357306500,94,94,1917,53,
44,2025-04-05T16:33:58.003412600,0,0,2051,68,
45,2025-04-05T16:34:14.202402700,72,71,264,71,
46,2025-04-05T16:37:37.306899300,153,153,143,9,
47,2025-04-05T16:38:32.555319400,138,138,144,8,
48,2025-04-05T16:57:08.932493800,94,94,162,11,
49,2025-04-05T16:58:58.519365500,140,140,146,8,
50,2025-04-05T16:59:41.309235700,7,7,184,18,
51,2025-04-05T17:02:24.329414400,148,147,144,9,
52,2025-04-05T17:02:27.742141500,8,8,161,12,
53,2025-04-05T17:03:03.173372100,162,161,149,8,
54,2025-04-05T17:03:05.894186400,8,8,168,15,
55,2025-04-05T17:14:01.779963200,167,166,143,9,
56,2025-04-05T17:14:05.088120900,8,8,195,12,
57,2025-04-05T17:35:21.174920700,132,132,142,8,
58,2025-04-05T17:35:23.022422900,24,24,172,17,
59,2025-04-05T17:36:11.939614100,100,100,234,23,
60,2025-04-05T17:36:13.998113,4,4,319,34,
61,2025-04-05T17:37:33.043385300,238,237,144,5,
62,2025-04-05T17:37:36.258385300,11,11,177,8,
63,2025-04-05T17:37:43.906477100,93,93,241,9,
64,2025-04-05T17:37:46.598765600,0,0,196,11,
65,2025-04-05T17:37:48.518362300,74,74,263,12,
66,2025-04-05T17:39:10.856503600,150,149,143,8,
67,2025-04-05T17:39:13.871948300,10,9,178,19,
68,2025-04-05T17:39:19.348565,121,121,234,24,
69,2025-04-05T17:39:24.873041,4,4,185,46,
70,2025-04-05T17:45:25.338815100,131,131,144,8,
71,2025-04-05T17:45:27.105815500,17,17,153,17,
72,2025-04-05T17:45:39.798163600,120,120,235,27,
73,2025-04-05T17:45:45.801990,4,4,90,38,
74,2025-04-05T17:45:50.857667500,225,225,162,38,
75,2025-04-05T17:45:59.062465800,4,4,228,42,
76,2025-04-05T17:46:00.644074,76,76,119,45,
77,2025-04-05T17:46:04.901268100,4,4,152,46,
78,2025-04-05T17:46:07.454972,69,69,186,48,
79,2025-04-05T17:46:09.808471900,0,0,172,49,
80,2025-04-05T17:46:13.101971800,3,3,102,51,
81,2025-04-05T17:46:17.789785,66,66,175,51,
82,2025-04-05T17:46:23.249199300,0,0,145,54,
83,2025-04-05T17:46:27.571887400,63,63,217,54,
84,2025-04-05T17:46:37.434397900,0,0,231,60,
85,2025-04-05T17:46:39.362289800,66,66,323,60,
86,2025-04-05T17:46:40.534966900,3,3,216,63,
87,2025-04-05T17:46:43.052823200,68,68,290,63,
88,2025-04-05T17:46:44.337664,0,0,200,66,
89,2025-04-05T17:46:46.284698200,0,0,226,66,
90,2025-04-05T17:46:52.457843500,63,63,294,66,
91,2025-04-05T17:46:53.105445100,0,0,237,69,
92,2025-04-05T17:46:54.670527200,0,0,285,69,
93,2025-04-05T17:46:59.342114200,63,63,319,70,
94,2025-04-05T17:47:05.580946,0,0,235,73,
95,2025-04-05T17:47:06.569111,0,0,261,73,
96,2025-04-05T17:47:11.167294800,63,63,303,74,
97,2025-04-05T18:09:39.529581100,0,0,258,78,
98,2025-04-05T18:09:42.792411800,61,60,351,78,
99,2025-04-05T18:09:44.475145500,0,0,403,79,
100,2025-04-05T18:09:46.945823100,62,62,325,81,
101,2025-04-05T18:09:48.629236900,0,0,456,82,
102,2025-04-05T18:09:50.464531600,60,60,333,84,
103,2025-04-05T18:09:51.886846500,0,0,439,85,
104,2025-04-05T18:09:53.050627800,0,0,447,85,
105,2025-04-05T18:09:56.035370600,0,0,470,85,
106,2025-04-05T18:10:00.321537300,69,69,313,87,
107,2025-04-05T18:10:01.144176800,3,3,438,87,
108,2025-04-05T18:16:38.627303500,162,162,144,8,
109,2025-04-05T18:16:40.818804900,11,11,183,16,
110,2025-04-05T18:17:07.548652200,117,117,237,22,
111,2025-04-05T18:17:16.771371900,4,4,214,28,
112,2025-04-05T18:17:18.583899500,88,88,270,34,
113,2025-04-05T18:17:19.487397300,0,0,176,45,
114,2025-04-05T18:17:21.242766300,0,0,208,45,
115,2025-04-05T18:17:26.892220500,70,70,280,45,
116,2025-04-05T18:17:27.703219400,0,0,388,45,
117,2025-04-05T18:17:31.528574200,0,0,2022,51,
118,2025-04-05T18:17:35.983873700,0,0,2006,52,
119,2025-04-05T18:17:40.557429900,108,108,1919,54,
120,2025-04-05T18:17:44.239041700,0,0,2143,54,
121,2025-04-05T18:17:47.602417700,0,0,3790,57,
122,2025-04-05T18:20:21.378210700,59,59,496,88,
123,2025-04-05T18:20:22.839264400,0,0,421,90,
124,2025-04-05T18:20:24.094239300,59,59,495,90,
125,2025-04-05T18:21:37.716704300,94,94,236,9,
126,2025-04-05T18:21:43.415230400,0,0,289,21,
127,2025-04-05T18:21:45.386897400,109,109,246,26,
128,2025-04-05T18:21:58.316160600,0,0,236,36,
129,2025-04-05T18:22:25.250296100,77,77,124,37,
130,2025-04-05T18:22:30.330091900,0,0,246,37,
131,2025-04-05T18:22:52.033715800,0,0,2018,54,
132,2025-04-05T18:29:11.367449100,76,76,2053,57,
133,2025-04-06T10:24:10.120329600,246,246,146,9,
134,2025-04-06T10:24:36.176127500,0,0,213,10,
135,2025-04-06T10:24:37.377127900,0,0,205,11,
136,2025-04-06T10:29:22.173935,125,125,103,17,
137,2025-04-06T10:29:58.715021800,0,0,202,28,
138,2025-04-06T10:30:15.395619900,151,151,150,5,
139,2025-04-06T10:30:17.160120600,0,0,174,8,
140,2025-04-06T10:30:18.643948,0,0,203,9,
141,2025-04-06T10:31:09.893651100,128,128,151,6,
142,2025-04-06T10:31:12.219044400,0,0,184,13,
143,2025-04-06T10:31:13.238225200,0,0,205,15,
144,2025-04-06T10:31:23.179039200,136,136,267,20,
145,2025-04-06T10:31:24.239536800,0,0,225,23,
146,2025-04-06T10:31:28.636873500,2,2,2007,41,
147,2025-04-06T10:54:29.908641500,163,163,147,9,
148,2025-04-06T10:54:32.141774400,0,0,199,12,
149,2025-04-06T10:55:10.578950,145,145,148,6,
150,2025-04-06T10:55:12.423451300,0,0,159,9,
151,2025-04-06T10:55:45.127674300,165,164,148,8,
152,2025-04-06T10:55:46.714175600,0,0,133,13,
153,2025-04-06T10:55:47.826175400,0,0,200,22,
154,2025-04-06T10:55:53.194131,0,0,1855,50,
155,2025-04-06T10:55:55.188559600,0,0,1873,52,
156,2025-04-06T10:56:02.124900100,0,0,1899,56,
157,2025-04-06T10:56:03.375295800,105,105,1939,61,
158,2025-04-06T10:56:52.197717200,152,151,148,6,
159,2025-04-06T10:56:54.355215800,0,0,182,15,
160,2025-04-06T10:56:55.450862600,0,0,204,16,
161,2025-04-06T10:56:57.454212300,0,0,229,17,
162,2025-04-06T10:56:59.254511400,93,93,277,24,
163,2025-04-06T10:57:00.191512400,0,0,340,25,
164,2025-04-06T10:57:04.331498400,0,0,373,28,
165,2025-04-06T10:57:08.689304200,0,0,1860,53,
166,2025-04-06T10:57:10.212937500,0,0,1877,55,
167,2025-04-06T11:00:13.558894500,101,101,1934,60,
168,2025-04-06T11:00:16.803783800,0,0,2051,70,
169,2025-04-06T11:00:24.125000100,92,92,2126,70,
170,2025-04-06T11:00:27.300420,0,0,2259,70,
171,2025-04-06T11:00:28.473588400,0,0,2286,70,
172,2025-04-06T11:01:10.293566600,83,83,2369,70,
173,2025-04-06T11:01:13.859916400,0,0,2545,70,
174,2025-04-06T11:04:42.933016100,81,81,2629,70,
175,2025-04-06T11:04:43.987017100,0,0,2770,70,
176,2025-04-06T11:04:45.117985400,0,0,2799,70,
177,2025-04-06T11:08:47.674327700,192,192,146,10,
178,2025-04-06T11:08:49.265328500,0,0,234,11,
179,2025-04-06T11:08:50.833279,0,0,208,14,
180,2025-04-06T11:09:40.468613500,0,0,74,17,
181,2025-04-06T11:10:22.918039100,140,140,130,24,
182,2025-04-06T11:10:25.286656200,0,0,224,29,
183,2025-04-06T11:13:31.861798500,0,0,250,30,
184,2025-04-06T11:13:40.044681700,90,90,324,30,
185,2025-04-06T11:13:42.683795900,0,0,234,35,
186,2025-04-06T11:14:52.679950300,177,177,147,9,
187,2025-04-06T11:14:55.546366,0,0,211,23,
188,2025-04-06T11:15:38.860815400,164,164,149,8,
189,2025-04-06T11:15:42.513845,0,0,212,16,
190,2025-04-06T11:16:41.799523600,143,143,151,5,
191,2025-04-06T11:16:44.936677100,0,0,215,9,
192,2025-04-06T11:16:47.888350500,107,106,123,12,
193,2025-04-06T11:16:48.687852,0,0,208,14,
194,2025-04-06T11:16:50.319784400,101,101,120,17,
195,2025-04-06T11:16:52.467055700,0,0,238,20,
196,2025-04-06T11:28:39.833425800,170,169,148,9,
197,2025-04-06T11:30:25.174683700,159,159,149,8,
198,2025-04-06T11:31:56.723112500,134,134,151,5,
199,2025-04-06T11:33:12.575487500,167,167,148,8,
200,2025-04-06T11:33:16.178734600,0,0,190,21,
201,2025-04-06T11:34:45.812838600,144,144,147,9,
202,2025-04-06T11:34:48.832923900,0,0,211,28,
203,2025-04-06T11:35:27.621339200,142,142,147,8,
204,2025-04-06T11:36:44.967087800,135,135,150,5,
205,2025-04-06T11:37:41.317871800,165,165,147,8,
206,2025-04-06T11:39:38.919939800,160,159,148,8,
207,2025-04-06T11:41:14.969230500,175,174,147,10,
208,2025-04-06T11:43:04.234153400,163,163,148,9,
209,2025-04-06T11:44:47.813257400,154,154,146,10,
210,2025-04-06T11:53:31.614573700,174,174,147,9,
211,2025-04-06T11:54:16.912725100,222,222,145,9,
212,2025-04-06T11:54:18.889725800,0,0,172,17,
213,2025-04-06T11:57:45.109840500,157,157,148,8,
214,2025-04-06T11:59:06.010526500,0,0,191,13,
215,2025-04-06T12:00:34.669827300,0,0,1989,39,
216,2025-04-06T12:03:26.917257200,107,107,1877,45,
217,2025-04-06T12:03:27.979257800,0,0,1997,58,
218,2025-04-06T12:04:19.348511400,0,0,244,62,
219,2025-04-06T12:05:12.133656200,86,86,359,62,
220,2025-04-06T12:06:22.074485800,8,8,555,62,
221,2025-04-06T12:08:01.097483800,79,79,632,62,
222,2025-04-06T12:11:06.503338300,80,80,663,65,
223,2025-04-06T12:11:07.193836400,0,0,509,66,
224,2025-04-06T12:12:04.565294600,130,129,151,5,
225,2025-04-06T12:12:05.984295300,0,0,174,8,
226,2025-04-06T12:16:32.218666200,76,76,310,68,
227,2025-04-06T12:18:08.423011200,151,150,152,5,
228,2025-04-06T12:18:09.881009500,0,0,226,6,
229,2025-04-06T12:26:15.451036700,155,154,149,8,
230,2025-04-06T12:26:17.477039500,0,0,218,15,
231,2025-04-06T12:26:26.199545100,113,113,270,21,
232,2025-04-06T12:26:26.764041700,0,0,377,21,
233,2025-04-06T12:39:25.694972200,147,147,149,5,
234,2025-04-06T12:39:27.399973200,0,0,182,12,
235,2025-04-06T12:40:22.141765400,199,199,149,8,
236,2025-04-06T12:42:09.379553200,149,148,152,5,
237,2025-04-06T12:43:36.862283400,0,0,211,17,
238,2025-04-06T12:43:51.751732500,169,169,147,8,
239,2025-04-06T12:43:53.109232600,0,0,146,15,
240,2025-04-06T12:45:59.524352400,142,141,146,8,
241,2025-04-06T12:46:03.026406600,0,0,212,26,
242,2025-04-06T12:47:20.619442900,183,183,146,8,
243,2025-04-06T12:47:21.911944,0,0,145,14,
244,2025-04-06T12:49:02.038661600,147,147,148,8,
245,2025-04-06T12:49:04.135162100,0,0,201,19,
246,2025-04-06T12:50:19.846420100,156,156,147,10,
247,2025-04-06T12:50:22.706535200,0,0,211,25,
248,2025-04-06T12:51:02.719564600,190,190,149,9,
249,2025-04-06T12:51:04.091562600,0,0,149,12,
250,2025-04-06T12:53:25.526834900,155,154,146,8,
251,2025-04-06T12:53:29.318828,0,0,236,11,
252,2025-04-06T12:53:49.903200700,118,118,113,17,
253,2025-04-06T12:53:56.555095800,0,0,223,20,
254,2025-04-06T12:54:54.562937600,0,0,117,23,
255,2025-04-06T12:55:02.471881800,0,0,181,23,
256,2025-04-06T13:02:59.564214300,156,156,147,9,
257,2025-04-06T13:09:40.237222,156,156,147,8,
258,2025-04-06T13:10:24.999498200,160,159,153,6,
259,2025-04-06T13:11:08.243516200,171,171,145,9,
260,2025-04-06T13:14:04.522756200,190,190,147,10,
261,2025-04-06T13:15:01.858103300,167,167,146,8,
262,2025-04-06T13:16:12.780921,186,186,147,9,
263,2025-04-06T13:16:47.209736900,0,0,236,25,
264,2025-04-06T13:16:53.677029500,112,112,113,30,
265,2025-04-06T13:16:54.999531400,0,0,246,31,
266,2025-04-06T13:27:37.728585200,179,178,147,8,
267,2025-04-06T13:28:15.738159700,0,0,242,27,
268,2025-04-06T13:28:19.794957100,0,0,140,30,
269,2025-04-06T13:29:03.620627600,110,110,182,31,
270,2025-04-06T13:29:07.282776,0,0,278,34,
271,2025-04-06T13:29:11.201942300,0,0,347,34,
272,2025-04-06T13:30:27.212721100,220,220,146,9,
273,2025-04-06T13:30:30.869258400,117,117,278,29,
274,2025-04-06T13:30:32.263260800,0,0,412,31,
275,2025-04-06T13:30:39.409302100,87,87,351,32,
276,2025-04-06T13:30:41.464864900,0,0,415,35,
277,2025-04-06T13:30:44.765088,83,83,364,36,
278,2025-04-06T13:30:55.901368200,0,0,309,39,
279,2025-04-06T13:30:57.640815200,93,93,418,39,
280,2025-04-06T13:37:03.834809800,149,149,152,5,
281,2025-04-06T13:37:05.392812,2,2,246,7,
282,2025-04-06T13:37:12.393630500,128,128,276,18,
283,2025-04-06T13:37:50.245158700,0,0,397,20,
284,2025-04-06T13:37:51.322236200,0,0,409,22,
285,2025-04-06T13:38:02.213870500,0,0,1891,34,
286,2025-04-06T13:38:21.133775200,117,117,2051,34,
287,2025-04-06T13:38:24.353530300,0,0,2225,34,
288,2025-04-06T13:53:22.362586100,168,168,146,7,
289,2025-04-06T13:53:23.683585700,0,0,127,10,
290,2025-04-06T13:53:27.074925900,111,111,282,26,
291,2025-04-06T13:53:28.181430600,0,0,370,26,
292,2025-04-06T13:53:31.743428500,0,0,2042,43,
293,2025-04-06T13:54:43.729759500,0,0,2041,44,
294,2025-04-06T14:06:38.508750400,211,211,144,10,
295,2025-04-06T14:06:40.575250700,0,0,166,18,
296,2025-04-06T14:06:43.560297300,114,114,284,31,
297,2025-04-06T14:06:44.581300700,0,0,357,39,
298,2025-04-06T14:06:48.276065100,0,0,2002,53,
299,2025-04-06T14:07:31.053145800,0,0,2032,57,
300,2025-04-06T14:07:35.237632800,0,0,3692,60,
301,2025-04-06T14:08:18.308334900,0,0,3742,60,
302,2025-04-06T14:08:30.229190700,0,0,3659,79,
303,2025-04-06T14:08:48.581334700,178,178,149,8,
304,2025-04-06T14:08:53.217419600,0,0,220,13,
305,2025-04-06T14:09:43.275608700,154,154,147,8,
306,2025-04-06T14:09:44.952109400,0,0,150,15,
307,2025-04-06T14:09:48.716107900,0,0,1990,42,
308,2025-04-06T14:10:27.513914300,0,0,1863,49,
309,2025-04-06T14:10:35.199697500,0,0,3668,92,
310,2025-04-06T14:10:37.899347,0,0,1868,94,
311,2025-04-06T14:10:43.391623800,0,0,3766,94,
312,2025-04-06T14:15:15.319404,181,181,147,9,
313,2025-04-06T14:15:16.776404,0,0,98,12,
314,2025-04-06T14:15:30.842401200,3,2,1962,53,
315,2025-04-06T14:16:08.051446700,0,0,2024,62,
316,2025-04-06T14:16:16.387789800,3,0,3831,71,
317,2025-04-06T14:16:18.858004200,0,0,3827,72,
318,2025-04-06T14:16:33.262143500,4,0,3713,90,
319,2025-04-06T14:17:01.764138200,0,0,3785,90,
320,2025-04-06T14:17:08.177138100,0,0,3659,139,
321,2025-04-06T14:17:15.498445,155,155,3718,147,
322,2025-04-06T14:17:29.503476200,25,-1,2049,158,
323,2025-04-06T14:26:16.950391800,188,188,145,9,
324,2025-04-06T14:26:19.162892600,0,0,123,12,
325,2025-04-06T14:26:26.258454800,0,0,1989,56,
326,2025-04-06T14:27:34.055969200,153,153,145,8,
327,2025-04-06T14:27:35.701464600,1,1,117,11,
328,2025-04-06T14:27:40.187967100,0,0,1989,57,
329,2025-04-06T14:28:56.861504200,345,344,146,8,
330,2025-04-06T14:28:58.302501700,0,0,91,11,
331,2025-04-06T14:29:05.718503800,0,0,3760,70,
332,2025-04-06T14:29:10.306203900,142,142,1906,77,
333,2025-04-06T14:29:12.418849800,0,0,2004,88,
334,2025-04-06T14:29:21.858203400,0,0,3762,127,
335,2025-04-06T14:30:14.262598400,141,141,148,6,
336,2025-04-06T14:30:15.766098800,0,0,220,6,
337,2025-04-06T14:30:22.313097300,0,0,3769,61,
338,2025-04-06T14:32:11.844295700,122,122,3836,64,
339,2025-04-06T14:32:13.310295100,0,0,3971,64,
340,2025-04-06T14:32:19.603804100,0,0,3774,112,
341,2025-04-06T14:32:59.439957200,161,160,147,8,
342,2025-04-06T14:33:01.224955600,0,0,183,11,
343,2025-04-06T14:33:10.533608900,0,0,3768,46,
344,2025-04-06T14:38:03.545879700,164,164,146,8,
345,2025-04-06T14:38:06.760540800,0,0,205,11,
346,2025-04-06T14:38:13.134909800,0,0,3799,54,
347,2025-04-06T14:39:07.669712600,0,0,3870,54,
348,2025-04-06T14:52:07.745486,177,176,144,8,
349,2025-04-06T14:52:12.072132700,0,0,193,21,
350,2025-04-06T14:55:55.554671,170,170,146,10,
351,2025-04-06T14:55:57.083670700,0,0,111,13,
352,2025-04-06T14:59:50.402349600,191,191,146,9,
353,2025-04-06T14:59:51.718846100,0,0,107,12,
354,2025-04-06T15:00:26.167508700,199,199,146,9,
355,2025-04-06T15:00:27.642008300,0,0,108,10,
356,2025-04-06T15:02:38.066880100,154,154,151,6,
357,2025-04-06T15:02:39.970882900,0,0,187,14,
358,2025-04-06T15:02:46.150888200,0,0,3768,62,
359,2025-04-06T15:03:17.094017100,0,0,2217,69,
360,2025-04-06T15:03:20.044429500,0,0,3708,82,
361,2025-04-06T15:03:23.197759900,105,105,3809,82,
362,2025-04-06T15:03:36.937647900,2,2,3976,82,
363,2025-04-06T15:03:37.679333500,0,0,4008,82,
364,2025-04-06T15:03:39.163638800,2,2,4047,82,
365,2025-04-06T15:03:40.188272,87,87,1970,83,
366,2025-04-06T15:03:41.533663100,1,1,2137,83,
367,2025-04-06T15:03:42.509838700,0,0,2167,83,
368,2025-04-06T15:03:44.584561800,77,77,2253,83,
369,2025-04-06T15:03:51.547984,0,0,2118,85,
370,2025-04-06T15:04:51.199523300,0,0,2154,85,
371,2025-04-06T17:53:52.373030400,199,199,146,10,
372,2025-04-06T17:56:02.028193100,10,10,210,18,
373,2025-04-06T17:56:13.447865300,0,0,238,21,
374,2025-04-06T17:56:16.503173700,2,2,107,24,
375,2025-04-06T17:56:30.349210100,108,107,181,24,
376,2025-04-06T17:56:31.639709200,0,0,318,24,
377,2025-04-06T18:01:28.282482700,150,150,149,6,
378,2025-04-06T18:01:30.242984600,0,0,220,7,
379,2025-04-06T18:01:55.972776,0,0,209,18,
380,2025-04-06T18:02:07.909463800,0,0,1855,36,
381,2025-04-06T18:02:35.513664900,164,164,1885,38,
382,2025-04-06T18:11:50.391519700,163,163,145,9,
383,2025-04-06T18:11:55.313663700,0,0,219,25,
384,2025-04-06T18:11:56.388347,0,0,226,26,
385,2025-04-06T18:12:00.319261100,183,182,283,31,
386,2025-04-06T18:12:04.790148700,0,0,400,32,
387,2025-04-06T18:12:40.102295300,5,5,416,35,
388,2025-04-06T18:12:41.362659600,0,0,280,36,
389,2025-04-06T18:12:43.813974800,92,92,360,36,
390,2025-04-06T18:12:45.111975400,4,4,406,40,
391,2025-04-06T18:12:46.500611200,0,0,305,41,
392,2025-04-06T18:12:47.181611800,84,84,386,41,
393,2025-04-06T18:12:48.919077100,1,1,269,44,
394,2025-04-06T18:12:49.502996400,0,0,300,44,
395,2025-04-06T18:12:50.790490500,2,2,338,44,
396,2025-04-06T18:12:51.922653400,85,85,415,44,
397,2025-04-06T18:12:53.205919700,7,7,285,45,
398,2025-04-06T18:13:00.666043900,88,88,371,45,
399,2025-04-06T18:13:29.377034700,1,1,380,46,
400,2025-04-06T18:13:30.456945300,0,0,411,46,
401,2025-04-06T18:13:31.497181600,76,75,166,47,
402,2025-04-06T18:13:33.049524,2,2,328,47,
403,2025-04-06T18:13:34.119371200,80,80,405,47,
404,2025-04-06T18:13:35.680431500,4,4,298,48,
405,2025-04-06T18:13:37.864907400,72,72,378,48,
406,2025-04-06T18:13:40.959612400,2,2,356,49,
407,2025-04-06T18:13:41.746600900,75,75,435,49,
408,2025-04-06T18:13:48.923119100,0,0,384,50,
409,2025-04-06T18:17:50.970977800,176,176,147,10,
410,2025-04-06T18:17:52.511977800,0,0,169,13,
411,2025-04-06T18:19:36.105315600,159,159,147,9,
412,2025-04-06T18:19:38.099317,0,0,205,12,
413,2025-04-06T18:22:02.679657900,148,148,148,6,
414,2025-04-06T18:22:46.012225400,152,152,146,8,
415,2025-04-06T18:22:47.408722500,0,0,168,11,
416,2025-04-06T18:22:52.031416400,107,107,123,14,
417,2025-04-06T18:22:54.149915100,0,0,225,26,
418,2025-04-06T18:22:56.094867500,128,128,291,33,
419,2025-04-06T18:22:58.703461300,0,0,247,43,
420,2025-04-06T18:23:03.220278500,97,97,323,43,
421,2025-04-06T18:23:05.134405400,0,0,494,43,
422,2025-04-06T18:23:08.770328900,84,84,302,44,
423,2025-04-06T18:23:12.077005,0,0,295,46,
424,2025-04-06T18:23:13.641079200,96,95,368,46,
425,2025-04-06T18:23:22.984654900,0,0,541,46,
426,2025-04-06T18:23:24.539764300,86,86,345,47,
427,2025-04-06T18:23:27.495740400,0,0,310,49,
428,2025-04-06T18:23:29.136537600,79,79,387,49,
429,2025-04-06T18:23:30.301156300,0,0,446,50,
430,2025-04-06T18:23:31.970690800,75,75,522,50,
431,2025-04-06T18:23:33.944459300,0,0,452,53,
432,2025-04-06T18:23:35.803489200,75,75,531,53,
433,2025-04-06T18:23:39.681411,0,0,466,56,
434,2025-04-06T18:23:47.618096700,75,75,539,56,
435,2025-04-06T18:23:48.470095300,0,0,465,58,
436,2025-04-06T18:23:50.721492900,76,76,538,59,
437,2025-04-06T18:23:51.775567,0,0,321,61,
438,2025-04-06T18:23:53.179221500,72,72,397,61,
439,2025-04-06T18:23:54.001720900,0,0,211,73,
440,2025-04-06T18:23:55.703469800,93,93,296,81,
441,2025-04-06T18:23:56.693480900,0,0,239,92,
442,2025-04-06T18:23:58.313698600,73,73,319,92,
443,2025-04-06T18:24:30.317988500,0,0,479,92,
444,2025-04-06T18:25:21.014160,147,147,147,9,
445,2025-04-06T18:25:22.033158200,0,0,116,12,
446,2025-04-06T18:25:23.906745800,97,97,123,16,
447,2025-04-06T18:25:25.415246100,0,0,191,25,
448,2025-04-06T18:25:27.891106500,113,112,295,36,
449,2025-04-06T18:25:30.712625700,0,0,416,37,
450,2025-04-06T18:25:31.806403500,86,86,289,38,
451,2025-04-06T18:25:47.331946400,0,0,273,40,
452,2025-04-06T18:25:54.375151600,0,0,3830,49,
453,2025-04-06T18:25:57.928398900,90,90,3904,49,
454,2025-04-06T18:29:37.655069300,179,179,146,8,
455,2025-04-06T18:29:39.489068400,0,0,177,11,
456,2025-04-06T18:29:46.053443300,0,0,3765,60,
457,2025-04-06T18:29:56.740020700,124,124,2262,66,
458,2025-04-06T18:34:39.649151100,171,171,150,7,
459,2025-04-06T18:34:40.940653400,0,0,225,7,
460,2025-04-06T18:34:47.572649,0,0,3768,59,
461,2025-04-06T18:34:52.243029,155,155,2253,66,
462,2025-04-06T18:35:05.684743900,0,0,200,76,
463,2025-04-06T18:35:13.009533600,0,0,3760,129,
464,2025-04-06T18:35:49.061878200,0,0,3799,135,
465,2025-04-06T18:35:51.963621100,125,125,3863,141,
466,2025-04-06T18:37:46.287064800,197,197,147,8,
467,2025-04-06T18:37:47.988064,0,0,151,11,
468,2025-04-06T18:37:54.730064600,0,0,3768,60,
469,2025-04-06T18:38:25.250809300,0,0,2234,67,
470,2025-04-06T18:40:17.539686,162,162,146,8,
471,2025-04-06T18:40:19.055186500,0,0,116,11,
472,2025-04-06T18:40:23.417184600,0,0,1979,54,
473,2025-04-06T18:49:07.637102400,153,153,147,9,
474,2025-04-06T18:49:10.601604700,0,0,188,20,
475,2025-04-06T18:50:19.067508100,143,143,153,6,
476,2025-04-06T18:50:20.407007400,0,0,147,9,
477,2025-04-06T18:50:24.104009700,0,0,1984,44,
478,2025-04-06T18:57:13.764002,149,149,147,8,
479,2025-04-06T18:57:16.060400500,0,0,185,12,
480,2025-04-06T18:57:17.497603800,0,0,211,12,
481,2025-04-06T18:57:26.656246500,96,95,281,12,
482,2025-04-06T18:57:27.730244700,0,0,168,20,
483,2025-04-06T18:57:29.052431,0,0,215,28,
484,2025-04-06T18:59:17.493232,130,130,151,5,
485,2025-04-06T18:59:19.330231100,0,0,186,12,
486,2025-04-06T18:59:20.253244100,0,0,207,15,
487,2025-04-06T19:00:25.670791100,145,145,152,5,
488,2025-04-06T19:00:31.137726900,0,0,192,9,
489,2025-04-06T19:00:32.599503200,0,0,205,12,
490,2025-04-06T19:02:18.119140300,89,89,270,13,
491,2025-04-06T19:08:30.761918500,159,158,147,8,
492,2025-04-06T19:08:32.626915500,0,0,236,10,
493,2025-04-06T19:08:33.633417,0,0,206,15,
494,2025-04-06T19:11:58.484372400,183,183,146,10,
495,2025-04-06T19:12:00.763865500,0,0,158,16,
496,2025-04-06T19:12:01.971368200,0,0,206,24,
497,2025-04-06T19:13:02.368913400,0,0,231,26,
498,2025-04-06T19:13:06.828074,0,0,233,28,
499,2025-04-06T19:13:08.197933300,0,0,77,29,
500,2025-04-06T19:13:08.998136700,2,2,84,30,
501,2025-04-06T19:13:09.868365900,95,95,117,34,
502,2025-04-06T19:13:11.379866500,25,25,225,38,
503,2025-04-06T19:13:18.016831300,95,95,290,40,
504,2025-04-06T19:13:34.277901,0,0,299,44,
505,2025-04-06T19:13:42.082056700,84,84,354,45,
506,2025-04-06T19:13:44.816474200,0,0,442,47,
507,2025-04-06T19:13:48.794978100,1,1,485,47,
508,2025-04-06T19:13:51.603807,92,92,342,49,
509,2025-04-06T19:14:02.925170300,1,1,257,52,
510,2025-04-06T20:18:41.942934600,125,125,264,6,
511,2025-04-06T20:18:46.510469,0,0,223,23,
512,2025-04-06T20:18:53.562981600,169,169,283,28,
513,2025-04-06T20:18:55.068479800,0,0,179,40,
514,2025-04-06T20:18:57.855319900,117,117,312,40,
515,2025-04-06T20:18:58.741319900,0,0,437,40,
516,2025-04-06T20:19:03.910591300,87,87,298,41,
517,2025-04-06T20:19:09.656209300,5,5,301,43,
518,2025-04-06T20:19:15.159895200,0,0,337,43,
519,2025-04-06T20:19:19.927149600,90,90,419,43,
520,2025-04-06T20:19:26.774775100,8,8,241,47,
521,2025-04-06T20:19:31.226883200,83,83,297,48,
522,2025-04-06T20:19:32.801858,7,7,417,49,
523,2025-04-06T20:19:39.806622800,91,91,323,50,
524,2025-04-06T20:19:43.485031100,0,0,443,50,
525,2025-04-06T20:19:47.552123300,0,0,143,52,
526,2025-04-06T20:19:58.603787600,75,75,218,52,
527,2025-04-06T20:19:59.395785600,0,0,342,52,
528,2025-04-06T20:20:00.433785800,0,0,378,52,
529,2025-04-06T20:20:28.494901600,0,0,179,53,
530,2025-04-06T20:20:29.739372500,0,0,205,53,
531,2025-04-06T20:20:43.754026,73,73,151,55,
532,2025-04-06T20:20:49.232814300,42,-1,299,55,
533,2025-04-07T17:14:04.942344500,173,173,145,8,
534,2025-04-07T17:14:07.157436100,13,13,194,22,
535,2025-04-07T18:58:53.566172800,178,177,182,14,
536,2025-04-07T18:58:55.506673600,3,2,159,18,
537,2025-04-07T18:58:56.382177500,0,0,242,29,
538,2025-04-07T18:58:57.981187200,148,148,279,35,
539,2025-04-07T18:58:58.982187900,0,0,313,41,
540,2025-04-07T18:59:00.286137700,0,0,239,42,
541,2025-04-07T18:59:01.490591500,93,93,141,43,
542,2025-04-07T18:59:02.208591600,0,0,231,43,
543,2025-04-07T18:59:03.240785,0,0,234,44,
544,2025-04-07T18:59:04.489920500,86,86,142,45,
545,2025-04-07T21:34:19.424920300,160,160,149,5,
546,2025-04-07T21:34:25.334731100,0,0,194,10,
547,2025-04-07T21:34:26.829212100,0,0,206,12,
548,2025-04-07T21:34:28.570995700,180,180,267,18,
549,2025-04-07T21:34:32.935492400,2,-1,360,19,
550,2025-04-07T21:34:37.315555400,2,2,253,20,
551,2025-04-07T21:34:40.309501900,0,0,288,20,
552,2025-04-07T21:34:45.353043900,120,120,370,20,
553,2025-04-15T17:37:57.824387100,153,152,147,10,
554,2025-04-15T18:02:17.993195400,178,178,145,10,
555,2025-04-16T16:34:11.594368300,164,163,148,5,
556,2025-04-16T16:34:20.971868900,0,0,210,15,
557,2025-04-16T16:34:23.341374400,0,0,206,17,
558,2025-04-16T16:34:44.283201600,127,127,262,23,
559,2025-04-16T16:35:00.906656700,7,-1,251,29,
560,2025-04-16T16:35:06.242610100,2,-1,253,29,
561,2025-04-16T16:35:14.789992600,5,-1,221,34,
562,2025-04-16T16:35:23.890154400,10,10,399,34,
563,2025-04-16T16:35:25.842989900,87,87,313,35,
564,2025-04-16T16:38:05.577366600,162,161,147,8,
565,2025-04-16T16:38:10.366459200,13,-1,187,23,
566,2025-04-16T16:38:22.938619800,9,-1,177,24,
567,2025-04-16T16:38:33.913763400,0,0,221,49,
568,2025-04-16T16:38:36.928843800,0,0,225,49,
569,2025-04-16T16:38:38.738506500,151,151,280,55,
570,2025-04-16T16:38:46.841017300,2,-1,246,66,
571,2025-04-16T16:39:52.715428100,224,224,143,10,
572,2025-04-16T16:40:00.648429300,0,0,212,23,
573,2025-04-16T16:40:02.398427500,0,0,202,25,
574,2025-04-16T16:40:37.938976300,111,111,106,28,
575,2025-04-16T16:40:46.186143100,3,-1,232,39,
576,2025-04-16T16:47:38.430417800,154,154,144,11,
577,2025-04-16T16:47:40.424917700,0,0,147,17,
578,2025-04-16T16:47:41.970466700,0,0,203,27,
579,2025-04-16T16:48:17.316274900,112,112,258,32,
580,2025-04-16T16:48:25.472800200,2,-1,207,40,
581,2025-04-16T16:54:39.005106900,132,131,148,6,
582,2025-04-16T16:54:41.679337300,0,0,190,12,
583,2025-04-16T16:54:42.632201700,0,0,214,12,
584,2025-04-16T16:55:33.583745300,0,0,289,12,
585,2025-04-16T16:55:35.791650400,0,0,314,12,
586,2025-04-16T16:55:37.855964400,0,0,238,13,
587,2025-04-16T16:55:40.895639700,0,0,263,13,
588,2025-04-16T16:55:41.689679300,0,0,236,14,
589,2025-04-16T16:56:01.960589400,0,0,262,14,
590,2025-04-16T16:57:08.162448500,109,109,268,15,
591,2025-04-16T16:57:16.091414500,2,-1,367,19,
592,2025-04-16T16:59:14.643998900,0,0,537,19,
593,2025-04-16T16:59:17.326573700,71,71,283,20,
594,2025-04-16T17:03:14.872124100,125,124,148,5,
595,2025-04-16T17:03:18.231278600,0,0,216,9,
596,2025-04-16T17:03:22.430387400,96,96,125,12,
597,2025-04-16T17:03:23.969360200,0,0,236,16,
598,2025-04-16T17:03:25.437859,0,0,263,16,
599,2025-04-16T17:04:11.431514800,0,0,88,19,
600,2025-04-16T17:04:12.676782900,0,0,115,19,
601,2025-04-16T17:04:13.935847200,0,0,153,19,
602,2025-04-16T17:04:14.855163900,0,0,179,19,
603,2025-04-16T17:04:18.740732700,85,85,112,22,
604,2025-04-16T17:07:18.286288900,155,154,143,8,
605,2025-04-16T17:07:21.244168300,0,0,238,11,
606,2025-04-16T17:07:23.020815,99,99,275,13,
607,2025-04-16T17:07:24.071817900,0,0,195,23,
608,2025-04-16T17:07:25.525458800,0,0,244,26,
609,2025-04-16T17:08:01.514729300,104,104,269,32,
610,2025-04-16T17:08:10.824601500,4,-1,404,35,
611,2025-04-16T17:08:32.630685600,8,8,435,35,
612,2025-04-16T17:08:35.134017900,84,84,509,35,
613,2025-04-16T17:08:39.506914100,4,4,655,35,
614,2025-04-16T17:08:41.317748100,2,2,691,35,
615,2025-04-16T17:08:42.864444,0,0,723,35,
616,2025-04-16T17:08:45.462520600,99,99,797,35,
617,2025-04-16T17:08:47.709302700,0,0,385,36,
618,2025-04-16T17:09:06.302084100,0,0,416,37,
619,2025-04-16T17:09:07.285678200,0,0,442,37,
620,2025-04-16T17:09:24.180639100,80,80,290,41,
621,2025-04-16T17:09:28.469278800,2,-1,433,41,
622,2025-04-16T17:10:41.218317900,168,168,144,8,
623,2025-04-16T17:10:48.324818,0,0,203,23,
624,2025-04-16T17:10:51.859958900,0,0,207,25,
625,2025-04-16T17:11:10.028685500,0,0,241,29,
626,2025-04-16T17:11:13.292685,0,0,263,31,
627,2025-04-16T17:11:16.311187200,103,103,126,33,
628,2025-04-16T17:11:25.274112100,4,-1,202,47,
629,2025-04-16T17:11:27.054610600,0,0,106,48,
630,2025-04-16T17:11:41.296942800,96,96,181,48,
631,2025-04-16T17:11:43.912440100,0,0,255,50,
632,2025-04-16T17:11:46.416246800,0,0,282,50,
633,2025-04-16T17:12:20.858270400,90,90,360,50,
634,2025-04-16T17:12:24.380263500,0,0,264,53,
635,2025-04-16T17:12:31.100764300,1,1,295,53,
636,2025-04-16T17:12:33.815262700,85,85,369,53,
637,2025-04-16T17:12:37.389761100,0,0,259,57,
638,2025-04-16T17:12:38.396267800,0,0,264,57,
639,2025-04-16T17:12:39.919760800,117,117,319,59,
640,2025-04-16T17:13:13.931779,8,8,326,69,
641,2025-04-16T17:13:22.455997100,88,88,340,71,
642,2025-04-16T17:13:27.375257400,2,2,361,72,
643,2025-04-16T17:14:01.779888300,0,0,200,74,
644,2025-04-16T17:14:16.939272400,98,98,284,74,
645,2025-04-16T17:14:57.782977200,1,1,293,77,
